[{"model": "admin.logentry", "pk": 1, "fields": {"action_time": "2024-08-05T15:53:06.742Z", "user": 1, "content_type": 8, "object_id": "1", "object_repr": "Bologna, Via Santo Stefano", "action_flag": 1, "change_message": "[{\"added\": {}}]"}}, {"model": "admin.logentry", "pk": 2, "fields": {"action_time": "2024-08-05T15:55:28.851Z", "user": 1, "content_type": 9, "object_id": "1", "object_repr": "Bologna", "action_flag": 1, "change_message": "[{\"added\": {}}]"}}, {"model": "admin.logentry", "pk": 3, "fields": {"action_time": "2024-08-05T15:58:30.652Z", "user": 1, "content_type": 7, "object_id": "2", "object_repr": "Profile of emergency-center 1", "action_flag": 2, "change_message": "[{\"changed\": {\"fields\": [\"Location\", \"Region\", \"Type\"]}}]"}}, {"model": "admin.logentry", "pk": 4, "fields": {"action_time": "2024-08-05T16:23:05.726Z", "user": 1, "content_type": 7, "object_id": "2", "object_repr": "Profile of emergency-center 1", "action_flag": 2, "change_message": "[]"}}, {"model": "admin.logentry", "pk": 5, "fields": {"action_time": "2024-08-05T16:23:09.618Z", "user": 1, "content_type": 7, "object_id": "2", "object_repr": "Profile of emergency-center 1", "action_flag": 2, "change_message": "[]"}}, {"model": "admin.logentry", "pk": 6, "fields": {"action_time": "2024-08-05T16:24:21.122Z", "user": 1, "content_type": 8, "object_id": "2", "object_repr": "Bologna, Via Mirasole", "action_flag": 1, "change_message": "[{\"added\": {}}]"}}, {"model": "admin.logentry", "pk": 7, "fields": {"action_time": "2024-08-05T16:26:00.177Z", "user": 1, "content_type": 8, "object_id": "3", "object_repr": "Bologna, Via Fondazza", "action_flag": 1, "change_message": "[{\"added\": {}}]"}}, {"model": "admin.logentry", "pk": 8, "fields": {"action_time": "2024-08-05T16:29:39.456Z", "user": 1, "content_type": 7, "object_id": "4", "object_repr": "Profile of User 1", "action_flag": 2, "change_message": "[{\"changed\": {\"fields\": [\"Location\", \"Region\"]}}]"}}, {"model": "admin.logentry", "pk": 9, "fields": {"action_time": "2024-08-05T16:29:47.197Z", "user": 1, "content_type": 7, "object_id": "5", "object_repr": "Profile of User 2", "action_flag": 2, "change_message": "[{\"changed\": {\"fields\": [\"Location\", \"Region\"]}}]"}}, {"model": "admin.logentry", "pk": 10, "fields": {"action_time": "2024-08-05T16:30:45.458Z", "user": 1, "content_type": 8, "object_id": "4", "object_repr": "Bologna, Via San Vitale", "action_flag": 1, "change_message": "[{\"added\": {}}]"}}, {"model": "admin.logentry", "pk": 11, "fields": {"action_time": "2024-08-05T16:33:55.631Z", "user": 1, "content_type": 7, "object_id": "6", "object_repr": "Profile of User 3", "action_flag": 2, "change_message": "[{\"changed\": {\"fields\": [\"Location\", \"Region\"]}}]"}}, {"model": "admin.logentry", "pk": 12, "fields": {"action_time": "2024-08-05T16:35:20.413Z", "user": 1, "content_type": 8, "object_id": "5", "object_repr": "Bologna, Via del Porto", "action_flag": 1, "change_message": "[{\"added\": {}}]"}}, {"model": "admin.logentry", "pk": 13, "fields": {"action_time": "2024-08-05T16:35:31.372Z", "user": 1, "content_type": 7, "object_id": "3", "object_repr": "Profile of emergency-center 2", "action_flag": 2, "change_message": "[{\"changed\": {\"fields\": [\"Location\", \"Region\", \"Type\"]}}]"}}, {"model": "admin.logentry", "pk": 14, "fields": {"action_time": "2024-08-05T16:36:21.296Z", "user": 1, "content_type": 8, "object_id": "6", "object_repr": "Bologna, Via Pietro Inviti", "action_flag": 1, "change_message": "[{\"added\": {}}]"}}, {"model": "admin.logentry", "pk": 15, "fields": {"action_time": "2024-08-05T16:36:34.262Z", "user": 1, "content_type": 7, "object_id": "7", "object_repr": "Profile of User 4", "action_flag": 2, "change_message": "[{\"changed\": {\"fields\": [\"Location\", \"Region\"]}}]"}}, {"model": "admin.logentry", "pk": 16, "fields": {"action_time": "2024-08-05T16:37:31.368Z", "user": 1, "content_type": 8, "object_id": "7", "object_repr": "Bologna, Via Marsala", "action_flag": 1, "change_message": "[{\"added\": {}}]"}}, {"model": "admin.logentry", "pk": 17, "fields": {"action_time": "2024-08-05T16:37:41.316Z", "user": 1, "content_type": 7, "object_id": "8", "object_repr": "Profile of User 5", "action_flag": 2, "change_message": "[{\"changed\": {\"fields\": [\"Location\", \"Region\"]}}]"}}, {"model": "admin.logentry", "pk": 18, "fields": {"action_time": "2024-08-05T16:38:32.093Z", "user": 1, "content_type": 10, "object_id": "1", "object_repr": "agent 11", "action_flag": 1, "change_message": "[{\"added\": {}}]"}}, {"model": "admin.logentry", "pk": 19, "fields": {"action_time": "2024-08-05T16:38:39.726Z", "user": 1, "content_type": 10, "object_id": "2", "object_repr": "agent 12", "action_flag": 1, "change_message": "[{\"added\": {}}]"}}, {"model": "admin.logentry", "pk": 20, "fields": {"action_time": "2024-08-05T16:38:46.581Z", "user": 1, "content_type": 10, "object_id": "3", "object_repr": "agent 13", "action_flag": 1, "change_message": "[{\"added\": {}}]"}}, {"model": "admin.logentry", "pk": 21, "fields": {"action_time": "2024-08-05T16:38:54.073Z", "user": 1, "content_type": 10, "object_id": "4", "object_repr": "agent 14", "action_flag": 1, "change_message": "[{\"added\": {}}]"}}, {"model": "admin.logentry", "pk": 22, "fields": {"action_time": "2024-08-05T16:39:01.575Z", "user": 1, "content_type": 10, "object_id": "5", "object_repr": "agent 21", "action_flag": 1, "change_message": "[{\"added\": {}}]"}}, {"model": "admin.logentry", "pk": 23, "fields": {"action_time": "2024-08-05T16:39:10.489Z", "user": 1, "content_type": 10, "object_id": "6", "object_repr": "agent 22", "action_flag": 1, "change_message": "[{\"added\": {}}]"}}, {"model": "admin.logentry", "pk": 24, "fields": {"action_time": "2024-08-05T16:39:28.092Z", "user": 1, "content_type": 12, "object_id": "1", "object_repr": "Agent device: dev 11", "action_flag": 1, "change_message": "[{\"added\": {}}]"}}, {"model": "admin.logentry", "pk": 25, "fields": {"action_time": "2024-08-05T16:39:37.562Z", "user": 1, "content_type": 12, "object_id": "2", "object_repr": "Agent device: dev 12", "action_flag": 1, "change_message": "[{\"added\": {}}]"}}, {"model": "admin.logentry", "pk": 26, "fields": {"action_time": "2024-08-05T16:39:49.667Z", "user": 1, "content_type": 12, "object_id": "3", "object_repr": "Agent device: dev 13", "action_flag": 1, "change_message": "[{\"added\": {}}]"}}, {"model": "admin.logentry", "pk": 27, "fields": {"action_time": "2024-08-05T16:39:58.445Z", "user": 1, "content_type": 12, "object_id": "4", "object_repr": "Agent device: dev 14", "action_flag": 1, "change_message": "[{\"added\": {}}]"}}, {"model": "admin.logentry", "pk": 28, "fields": {"action_time": "2024-08-05T16:40:12.461Z", "user": 1, "content_type": 12, "object_id": "5", "object_repr": "Agent device: dev 21", "action_flag": 1, "change_message": "[{\"added\": {}}]"}}, {"model": "admin.logentry", "pk": 29, "fields": {"action_time": "2024-08-05T17:05:02.438Z", "user": 1, "content_type": 10, "object_id": "7", "object_repr": "agent 23", "action_flag": 1, "change_message": "[{\"added\": {}}]"}}, {"model": "admin.logentry", "pk": 30, "fields": {"action_time": "2024-08-05T17:05:28.609Z", "user": 1, "content_type": 12, "object_id": "6", "object_repr": "Agent device: dev 22", "action_flag": 1, "change_message": "[{\"added\": {}}]"}}, {"model": "admin.logentry", "pk": 31, "fields": {"action_time": "2024-08-05T17:05:41.663Z", "user": 1, "content_type": 12, "object_id": "7", "object_repr": "Agent device: dev 23", "action_flag": 1, "change_message": "[{\"added\": {}}]"}}, {"model": "admin.logentry", "pk": 32, "fields": {"action_time": "2024-08-05T17:05:54.213Z", "user": 1, "content_type": 11, "object_id": "1", "object_repr": "Subject device: dev 1", "action_flag": 1, "change_message": "[{\"added\": {}}]"}}, {"model": "admin.logentry", "pk": 33, "fields": {"action_time": "2024-08-05T17:06:03.210Z", "user": 1, "content_type": 11, "object_id": "2", "object_repr": "Subject device: dev 2", "action_flag": 1, "change_message": "[{\"added\": {}}]"}}, {"model": "admin.logentry", "pk": 34, "fields": {"action_time": "2024-08-05T17:06:20.634Z", "user": 1, "content_type": 11, "object_id": "3", "object_repr": "Subject device: dev 3", "action_flag": 1, "change_message": "[{\"added\": {}}]"}}, {"model": "admin.logentry", "pk": 35, "fields": {"action_time": "2024-08-05T17:06:28.107Z", "user": 1, "content_type": 11, "object_id": "4", "object_repr": "Subject device: dev 4", "action_flag": 1, "change_message": "[{\"added\": {}}]"}}, {"model": "admin.logentry", "pk": 36, "fields": {"action_time": "2024-08-05T17:06:35.828Z", "user": 1, "content_type": 11, "object_id": "5", "object_repr": "Subject device: dev 5", "action_flag": 1, "change_message": "[{\"added\": {}}]"}}, {"model": "auth.permission", "pk": 1, "fields": {"name": "Can add log entry", "content_type": 1, "codename": "add_logentry"}}, {"model": "auth.permission", "pk": 2, "fields": {"name": "Can change log entry", "content_type": 1, "codename": "change_logentry"}}, {"model": "auth.permission", "pk": 3, "fields": {"name": "Can delete log entry", "content_type": 1, "codename": "delete_logentry"}}, {"model": "auth.permission", "pk": 4, "fields": {"name": "Can view log entry", "content_type": 1, "codename": "view_logentry"}}, {"model": "auth.permission", "pk": 5, "fields": {"name": "Can add permission", "content_type": 2, "codename": "add_permission"}}, {"model": "auth.permission", "pk": 6, "fields": {"name": "Can change permission", "content_type": 2, "codename": "change_permission"}}, {"model": "auth.permission", "pk": 7, "fields": {"name": "Can delete permission", "content_type": 2, "codename": "delete_permission"}}, {"model": "auth.permission", "pk": 8, "fields": {"name": "Can view permission", "content_type": 2, "codename": "view_permission"}}, {"model": "auth.permission", "pk": 9, "fields": {"name": "Can add group", "content_type": 3, "codename": "add_group"}}, {"model": "auth.permission", "pk": 10, "fields": {"name": "Can change group", "content_type": 3, "codename": "change_group"}}, {"model": "auth.permission", "pk": 11, "fields": {"name": "Can delete group", "content_type": 3, "codename": "delete_group"}}, {"model": "auth.permission", "pk": 12, "fields": {"name": "Can view group", "content_type": 3, "codename": "view_group"}}, {"model": "auth.permission", "pk": 13, "fields": {"name": "Can add content type", "content_type": 4, "codename": "add_contenttype"}}, {"model": "auth.permission", "pk": 14, "fields": {"name": "Can change content type", "content_type": 4, "codename": "change_contenttype"}}, {"model": "auth.permission", "pk": 15, "fields": {"name": "Can delete content type", "content_type": 4, "codename": "delete_contenttype"}}, {"model": "auth.permission", "pk": 16, "fields": {"name": "Can view content type", "content_type": 4, "codename": "view_contenttype"}}, {"model": "auth.permission", "pk": 17, "fields": {"name": "Can add session", "content_type": 5, "codename": "add_session"}}, {"model": "auth.permission", "pk": 18, "fields": {"name": "Can change session", "content_type": 5, "codename": "change_session"}}, {"model": "auth.permission", "pk": 19, "fields": {"name": "Can delete session", "content_type": 5, "codename": "delete_session"}}, {"model": "auth.permission", "pk": 20, "fields": {"name": "Can view session", "content_type": 5, "codename": "view_session"}}, {"model": "auth.permission", "pk": 21, "fields": {"name": "Can add user", "content_type": 6, "codename": "add_user"}}, {"model": "auth.permission", "pk": 22, "fields": {"name": "Can change user", "content_type": 6, "codename": "change_user"}}, {"model": "auth.permission", "pk": 23, "fields": {"name": "Can delete user", "content_type": 6, "codename": "delete_user"}}, {"model": "auth.permission", "pk": 24, "fields": {"name": "Can view user", "content_type": 6, "codename": "view_user"}}, {"model": "auth.permission", "pk": 25, "fields": {"name": "Can add Profile", "content_type": 7, "codename": "add_profile"}}, {"model": "auth.permission", "pk": 26, "fields": {"name": "Can change Profile", "content_type": 7, "codename": "change_profile"}}, {"model": "auth.permission", "pk": 27, "fields": {"name": "Can delete Profile", "content_type": 7, "codename": "delete_profile"}}, {"model": "auth.permission", "pk": 28, "fields": {"name": "Can view Profile", "content_type": 7, "codename": "view_profile"}}, {"model": "auth.permission", "pk": 29, "fields": {"name": "Can add Point", "content_type": 8, "codename": "add_point"}}, {"model": "auth.permission", "pk": 30, "fields": {"name": "Can change Point", "content_type": 8, "codename": "change_point"}}, {"model": "auth.permission", "pk": 31, "fields": {"name": "Can delete Point", "content_type": 8, "codename": "delete_point"}}, {"model": "auth.permission", "pk": 32, "fields": {"name": "Can view Point", "content_type": 8, "codename": "view_point"}}, {"model": "auth.permission", "pk": 33, "fields": {"name": "Can add Region", "content_type": 9, "codename": "add_region"}}, {"model": "auth.permission", "pk": 34, "fields": {"name": "Can change Region", "content_type": 9, "codename": "change_region"}}, {"model": "auth.permission", "pk": 35, "fields": {"name": "Can delete Region", "content_type": 9, "codename": "delete_region"}}, {"model": "auth.permission", "pk": 36, "fields": {"name": "Can view Region", "content_type": 9, "codename": "view_region"}}, {"model": "auth.permission", "pk": 37, "fields": {"name": "Can add Agent", "content_type": 10, "codename": "add_agent"}}, {"model": "auth.permission", "pk": 38, "fields": {"name": "Can change Agent", "content_type": 10, "codename": "change_agent"}}, {"model": "auth.permission", "pk": 39, "fields": {"name": "Can delete Agent", "content_type": 10, "codename": "delete_agent"}}, {"model": "auth.permission", "pk": 40, "fields": {"name": "Can view Agent", "content_type": 10, "codename": "view_agent"}}, {"model": "auth.permission", "pk": 41, "fields": {"name": "Can add Subject device", "content_type": 11, "codename": "add_subjectdevice"}}, {"model": "auth.permission", "pk": 42, "fields": {"name": "Can change Subject device", "content_type": 11, "codename": "change_subjectdevice"}}, {"model": "auth.permission", "pk": 43, "fields": {"name": "Can delete Subject device", "content_type": 11, "codename": "delete_subjectdevice"}}, {"model": "auth.permission", "pk": 44, "fields": {"name": "Can view Subject device", "content_type": 11, "codename": "view_subjectdevice"}}, {"model": "auth.permission", "pk": 45, "fields": {"name": "Can add Agent device", "content_type": 12, "codename": "add_agentdevice"}}, {"model": "auth.permission", "pk": 46, "fields": {"name": "Can change Agent device", "content_type": 12, "codename": "change_agentdevice"}}, {"model": "auth.permission", "pk": 47, "fields": {"name": "Can delete Agent device", "content_type": 12, "codename": "delete_agentdevice"}}, {"model": "auth.permission", "pk": 48, "fields": {"name": "Can view Agent device", "content_type": 12, "codename": "view_agentdevice"}}, {"model": "auth.permission", "pk": 49, "fields": {"name": "Can add Subject Record", "content_type": 13, "codename": "add_subjectrecords"}}, {"model": "auth.permission", "pk": 50, "fields": {"name": "Can change Subject Record", "content_type": 13, "codename": "change_subjectrecords"}}, {"model": "auth.permission", "pk": 51, "fields": {"name": "Can delete Subject Record", "content_type": 13, "codename": "delete_subjectrecords"}}, {"model": "auth.permission", "pk": 52, "fields": {"name": "Can view Subject Record", "content_type": 13, "codename": "view_subjectrecords"}}, {"model": "auth.permission", "pk": 53, "fields": {"name": "Can add Agent Record", "content_type": 14, "codename": "add_agentrecords"}}, {"model": "auth.permission", "pk": 54, "fields": {"name": "Can change Agent Record", "content_type": 14, "codename": "change_agentrecords"}}, {"model": "auth.permission", "pk": 55, "fields": {"name": "Can delete Agent Record", "content_type": 14, "codename": "delete_agentrecords"}}, {"model": "auth.permission", "pk": 56, "fields": {"name": "Can view Agent Record", "content_type": 14, "codename": "view_agentrecords"}}, {"model": "auth.permission", "pk": 57, "fields": {"name": "Can add Mission", "content_type": 15, "codename": "add_mission"}}, {"model": "auth.permission", "pk": 58, "fields": {"name": "Can change Mission", "content_type": 15, "codename": "change_mission"}}, {"model": "auth.permission", "pk": 59, "fields": {"name": "Can delete Mission", "content_type": 15, "codename": "delete_mission"}}, {"model": "auth.permission", "pk": 60, "fields": {"name": "Can view Mission", "content_type": 15, "codename": "view_mission"}}, {"model": "contenttypes.contenttype", "pk": 1, "fields": {"app_label": "admin", "model": "logentry"}}, {"model": "contenttypes.contenttype", "pk": 2, "fields": {"app_label": "auth", "model": "permission"}}, {"model": "contenttypes.contenttype", "pk": 3, "fields": {"app_label": "auth", "model": "group"}}, {"model": "contenttypes.contenttype", "pk": 4, "fields": {"app_label": "contenttypes", "model": "contenttype"}}, {"model": "contenttypes.contenttype", "pk": 5, "fields": {"app_label": "sessions", "model": "session"}}, {"model": "contenttypes.contenttype", "pk": 6, "fields": {"app_label": "accounts", "model": "user"}}, {"model": "contenttypes.contenttype", "pk": 7, "fields": {"app_label": "profiles", "model": "profile"}}, {"model": "contenttypes.contenttype", "pk": 8, "fields": {"app_label": "agents", "model": "point"}}, {"model": "contenttypes.contenttype", "pk": 9, "fields": {"app_label": "agents", "model": "region"}}, {"model": "contenttypes.contenttype", "pk": 10, "fields": {"app_label": "agents", "model": "agent"}}, {"model": "contenttypes.contenttype", "pk": 11, "fields": {"app_label": "agents", "model": "subjectdevice"}}, {"model": "contenttypes.contenttype", "pk": 12, "fields": {"app_label": "agents", "model": "agentdevice"}}, {"model": "contenttypes.contenttype", "pk": 13, "fields": {"app_label": "agents", "model": "subjectrecords"}}, {"model": "contenttypes.contenttype", "pk": 14, "fields": {"app_label": "agents", "model": "agentrecords"}}, {"model": "contenttypes.contenttype", "pk": 15, "fields": {"app_label": "agents", "model": "mission"}}, {"model": "sessions.session", "pk": "qfn3squ0vs6ruev1h5kq8oifugctniyv", "fields": {"session_data": ".eJxVjEEOwiAQRe_C2hCY0iG4dO8ZyAxDpWogKe3KeHdt0oVu_3vvv1SkbS1x63mJs6izsur0uzGlR647kDvVW9Op1XWZWe-KPmjX1yb5eTncv4NCvXxrEg9gp1EyejMGlzFN3hjHKAExcWZiEAFLgQHJMxlwJCgpDEBuUO8P9XY4eg:1sazzO:NM2rBuwX6xg35mNYnEoYk1L1jDWQY1E0lCKjg-K6S14", "expire_date": "2024-08-19T15:51:14.142Z"}}, {"model": "accounts.user", "pk": 1, "fields": {"password": "pbkdf2_sha256$720000$OPEehiLip3NxEhOTG2vLng$edfsGHRMg8jIADYw+b70UMFFxMwECouukWUzmJoX4Hk=", "last_login": "2024-08-05T15:51:14.142Z", "is_superuser": true, "email": "ali@ali.com", "firstname": "Ali", "lastname": "Loloee", "created": "2024-08-05T12:07:04.537Z", "updated": "2024-08-05T12:07:04.537Z", "is_active": true, "is_staff": true, "groups": [], "user_permissions": []}}, {"model": "accounts.user", "pk": 2, "fields": {"password": "pbkdf2_sha256$720000$UPm4hHZM8T9UA9nkCTEBVw$B0a+akbx7hVSBenDUcOppm2wRpiuZnpddJyz8MiwKwY=", "last_login": null, "is_superuser": false, "email": "emergency-center1@resc.com", "firstname": "emergency-center", "lastname": "1", "created": "2024-08-05T15:53:36.808Z", "updated": "2024-08-05T15:53:36.822Z", "is_active": true, "is_staff": false, "groups": [], "user_permissions": []}}, {"model": "accounts.user", "pk": 3, "fields": {"password": "pbkdf2_sha256$720000$C7azMOBQGPraKiG1mhVZlp$Bljgo9XP2zBXltrVM1ayA9ze84uG3nedyto/v0it4Cc=", "last_login": null, "is_superuser": false, "email": "emergency-center2@resc.com", "firstname": "emergency-center", "lastname": "2", "created": "2024-08-05T16:27:24.102Z", "updated": "2024-08-05T16:27:24.112Z", "is_active": true, "is_staff": false, "groups": [], "user_permissions": []}}, {"model": "accounts.user", "pk": 4, "fields": {"password": "pbkdf2_sha256$720000$o7IQo9gI1ow6d11Ph507OQ$bZcfC4oyr5RzggRZTovZkkpBL3mlA5LZM6Toz2JncyM=", "last_login": null, "is_superuser": false, "email": "user1@resc.com", "firstname": "User", "lastname": "1", "created": "2024-08-05T16:27:38.844Z", "updated": "2024-08-05T16:27:38.850Z", "is_active": true, "is_staff": false, "groups": [], "user_permissions": []}}, {"model": "accounts.user", "pk": 5, "fields": {"password": "pbkdf2_sha256$720000$CMP2sfXAQrDe3PaRRFMrlb$kr8fHZvTah5rU4amyKo2hwerIB7WsdoqTeWBd1Y5K4A=", "last_login": null, "is_superuser": false, "email": "user2@resc.com", "firstname": "User", "lastname": "2", "created": "2024-08-05T16:27:45.513Z", "updated": "2024-08-05T16:27:45.520Z", "is_active": true, "is_staff": false, "groups": [], "user_permissions": []}}, {"model": "accounts.user", "pk": 6, "fields": {"password": "pbkdf2_sha256$720000$1vJG7T59Rr6rhzF4LqQUWW$qmnX5Szb4lL7sMiLM3WWtp26PAv1MnK6uRnStfzoORo=", "last_login": null, "is_superuser": false, "email": "user3@resc.com", "firstname": "User", "lastname": "3", "created": "2024-08-05T16:28:04.299Z", "updated": "2024-08-05T16:28:04.306Z", "is_active": true, "is_staff": false, "groups": [], "user_permissions": []}}, {"model": "accounts.user", "pk": 7, "fields": {"password": "pbkdf2_sha256$720000$ltW5cCSWwrL9p6oUIddIJo$ax7zaZempBALAfXybncPaAFS2yAiMLgero0SPZGYqp0=", "last_login": null, "is_superuser": false, "email": "user4@resc.com", "firstname": "User", "lastname": "4", "created": "2024-08-05T16:28:12.458Z", "updated": "2024-08-05T16:28:12.459Z", "is_active": true, "is_staff": false, "groups": [], "user_permissions": []}}, {"model": "accounts.user", "pk": 8, "fields": {"password": "pbkdf2_sha256$720000$SV7pGFYuHnrup0c57zKlh6$pnEvuPGJgnH4mPnVtrmpLtLQn9Tq8fKCawMpw3RY97Q=", "last_login": null, "is_superuser": false, "email": "user5@resc.com", "firstname": "User", "lastname": "5", "created": "2024-08-05T16:28:18.178Z", "updated": "2024-08-05T16:28:18.183Z", "is_active": true, "is_staff": false, "groups": [], "user_permissions": []}}, {"model": "profiles.profile", "pk": 1, "fields": {"user": 1, "location": null, "region": null, "type": 3, "address": null, "phone": null, "city": null, "postal": null, "created": "2024-08-05T12:07:04.537Z", "updated": "2024-08-05T15:51:14.142Z"}}, {"model": "profiles.profile", "pk": 2, "fields": {"user": 2, "location": 1, "region": 1, "type": 2, "address": null, "phone": null, "city": null, "postal": null, "created": "2024-08-05T15:53:36.808Z", "updated": "2024-08-05T16:23:09.617Z"}}, {"model": "profiles.profile", "pk": 3, "fields": {"user": 3, "location": 5, "region": 1, "type": 2, "address": null, "phone": null, "city": null, "postal": null, "created": "2024-08-05T16:27:24.104Z", "updated": "2024-08-05T16:35:31.371Z"}}, {"model": "profiles.profile", "pk": 4, "fields": {"user": 4, "location": 2, "region": 1, "type": 1, "address": null, "phone": null, "city": null, "postal": null, "created": "2024-08-05T16:27:38.848Z", "updated": "2024-08-05T16:29:39.455Z"}}, {"model": "profiles.profile", "pk": 5, "fields": {"user": 5, "location": 3, "region": 1, "type": 1, "address": null, "phone": null, "city": null, "postal": null, "created": "2024-08-05T16:27:45.520Z", "updated": "2024-08-05T16:29:47.196Z"}}, {"model": "profiles.profile", "pk": 6, "fields": {"user": 6, "location": 4, "region": 1, "type": 1, "address": null, "phone": null, "city": null, "postal": null, "created": "2024-08-05T16:28:04.306Z", "updated": "2024-08-05T16:33:55.630Z"}}, {"model": "profiles.profile", "pk": 7, "fields": {"user": 7, "location": 6, "region": 1, "type": 1, "address": null, "phone": null, "city": null, "postal": null, "created": "2024-08-05T16:28:12.459Z", "updated": "2024-08-05T16:36:34.261Z"}}, {"model": "profiles.profile", "pk": 8, "fields": {"user": 8, "location": 7, "region": 1, "type": 1, "address": null, "phone": null, "city": null, "postal": null, "created": "2024-08-05T16:28:18.182Z", "updated": "2024-08-05T16:37:41.315Z"}}, {"model": "agents.point", "pk": 1, "fields": {"created": "2024-08-05T15:53:06.733Z", "updated": "2024-08-05T15:53:06.733Z", "name": "Bologna, Via Santo Stefano", "location": "SRID=4326;POINT (11.352104 44.488227)"}}, {"model": "agents.point", "pk": 2, "fields": {"created": "2024-08-05T16:24:21.113Z", "updated": "2024-08-05T16:24:21.113Z", "name": "Bologna, Via Mirasole", "location": "SRID=4326;POINT (11.341873 44.487219)"}}, {"model": "agents.point", "pk": 3, "fields": {"created": "2024-08-05T16:26:00.164Z", "updated": "2024-08-05T16:26:00.164Z", "name": "Bologna, Via Fondazza", "location": "SRID=4326;POINT (11.354782 44.488831)"}}, {"model": "agents.point", "pk": 4, "fields": {"created": "2024-08-05T16:30:45.451Z", "updated": "2024-08-05T16:30:45.451Z", "name": "Bologna, Via San Vitale", "location": "SRID=4326;POINT (11.349396 44.494479)"}}, {"model": "agents.point", "pk": 5, "fields": {"created": "2024-08-05T16:35:20.406Z", "updated": "2024-08-05T16:35:20.406Z", "name": "Bologna, Via del Porto", "location": "SRID=4326;POINT (11.33976 44.501385)"}}, {"model": "agents.point", "pk": 6, "fields": {"created": "2024-08-05T16:36:21.288Z", "updated": "2024-08-05T16:36:21.288Z", "name": "Bologna, Via Pietro Inviti", "location": "SRID=4326;POINT (11.330213 44.50507)"}}, {"model": "agents.point", "pk": 7, "fields": {"created": "2024-08-05T16:37:31.361Z", "updated": "2024-08-05T16:37:31.361Z", "name": "Bologna, Via Marsala", "location": "SRID=4326;POINT (11.344083 44.497497)"}}, {"model": "agents.region", "pk": 1, "fields": {"created": "2024-08-05T15:55:28.843Z", "updated": "2024-08-05T15:55:28.843Z", "name": "Bologna", "description": "Bologna Region", "polygon": "SRID=4326;POLYGON ((11.191086 44.512862, 11.261124 44.530486, 11.285843 44.539786, 11.37854 44.524122, 11.447891 44.478577, 11.38884 44.446722, 11.281036 44.449173, 11.191086 44.512862))"}}, {"model": "agents.agent", "pk": 1, "fields": {"created": "2024-08-05T16:38:32.091Z", "updated": "2024-08-05T16:38:32.091Z", "name": "agent 11", "emergency_center": 2, "busy": false}}, {"model": "agents.agent", "pk": 2, "fields": {"created": "2024-08-05T16:38:39.725Z", "updated": "2024-08-05T16:38:39.725Z", "name": "agent 12", "emergency_center": 2, "busy": false}}, {"model": "agents.agent", "pk": 3, "fields": {"created": "2024-08-05T16:38:46.581Z", "updated": "2024-08-05T16:38:46.581Z", "name": "agent 13", "emergency_center": 2, "busy": false}}, {"model": "agents.agent", "pk": 4, "fields": {"created": "2024-08-05T16:38:54.069Z", "updated": "2024-08-05T16:38:54.069Z", "name": "agent 14", "emergency_center": 2, "busy": false}}, {"model": "agents.agent", "pk": 5, "fields": {"created": "2024-08-05T16:39:01.575Z", "updated": "2024-08-05T16:39:01.575Z", "name": "agent 21", "emergency_center": 3, "busy": false}}, {"model": "agents.agent", "pk": 6, "fields": {"created": "2024-08-05T16:39:10.489Z", "updated": "2024-08-05T16:39:10.489Z", "name": "agent 22", "emergency_center": 3, "busy": false}}, {"model": "agents.agent", "pk": 7, "fields": {"created": "2024-08-05T17:05:02.437Z", "updated": "2024-08-05T17:05:02.437Z", "name": "agent 23", "emergency_center": 3, "busy": false}}, {"model": "agents.subjectdevice", "pk": 1, "fields": {"created": "2024-08-05T17:05:54.212Z", "updated": "2024-08-05T17:05:54.212Z", "api_key": "pbkdf2_sha256$720000$OlhLA2Ef01cTM6499jr3VE$lX2mbK4OWs/GTB1lD1Wq+T4b+0uULR7/KNuqwLsRPl4=", "name": "dev 1", "subject": 4}}, {"model": "agents.subjectdevice", "pk": 2, "fields": {"created": "2024-08-05T17:06:03.210Z", "updated": "2024-08-05T17:06:03.210Z", "api_key": "pbkdf2_sha256$720000$62UIsVjeTUsPGJpfQy51qa$pXUayHIFjRyHGdr9vs46IE1KETq17ngPX3pZcuDUXgA=", "name": "dev 2", "subject": 5}}, {"model": "agents.subjectdevice", "pk": 3, "fields": {"created": "2024-08-05T17:06:20.634Z", "updated": "2024-08-05T17:06:20.634Z", "api_key": "pbkdf2_sha256$720000$gY2Q4n5MjuBU9NZvAvDKpH$EEMb0Qa/aH7l4ZijKshjKsYdnXnSZmyRzXkpySzOCjQ=", "name": "dev 3", "subject": 6}}, {"model": "agents.subjectdevice", "pk": 4, "fields": {"created": "2024-08-05T17:06:28.105Z", "updated": "2024-08-05T17:06:28.105Z", "api_key": "pbkdf2_sha256$720000$h8norDiY8RM2WadT1eHKBd$TDvmqnDYNMaUKbJSIHJ8cSh75H7yBgFutERTOM7uL30=", "name": "dev 4", "subject": 7}}, {"model": "agents.subjectdevice", "pk": 5, "fields": {"created": "2024-08-05T17:06:35.827Z", "updated": "2024-08-05T17:06:35.827Z", "api_key": "pbkdf2_sha256$720000$Dzaxc8CAJW5vyhoqibGQla$aL1CmgLVq9DtU6gl7XDuV9z2R8iJuTs2paCACSDW3ps=", "name": "dev 5", "subject": 8}}, {"model": "agents.agentdevice", "pk": 1, "fields": {"created": "2024-08-05T16:39:28.091Z", "updated": "2024-08-05T16:39:28.091Z", "api_key": "pbkdf2_sha256$720000$DFutwXSTzw15k2bXomDVyI$qROrV6SZr7oxvQbSI6S25LyxCswKkLXAuUQ2JLZ3Ac8=", "name": "dev 11", "agent": 1}}, {"model": "agents.agentdevice", "pk": 2, "fields": {"created": "2024-08-05T16:39:37.561Z", "updated": "2024-08-05T16:39:37.561Z", "api_key": "pbkdf2_sha256$720000$Airf6zU6JRsX9OLcbyhAQZ$6KgjeH4V7TKFU/327ZYTGgLGgPL15oKdlBTUNtASMsM=", "name": "dev 12", "agent": 2}}, {"model": "agents.agentdevice", "pk": 3, "fields": {"created": "2024-08-05T16:39:49.666Z", "updated": "2024-08-05T16:39:49.666Z", "api_key": "pbkdf2_sha256$720000$9iYQhXkpUpHSkOuReCsYry$JpveO7NNbqGn0Vh29umYjCR80jlXMg3VpUZu7rl6pXc=", "name": "dev 13", "agent": 3}}, {"model": "agents.agentdevice", "pk": 4, "fields": {"created": "2024-08-05T16:39:58.443Z", "updated": "2024-08-05T16:39:58.443Z", "api_key": "pbkdf2_sha256$720000$tMosTgrRaUt8SPGvp2Smjf$q7xaxfDLZpVbiW4XFNl4/jBuw5pzaemEvxubKgnXbO8=", "name": "dev 14", "agent": 4}}, {"model": "agents.agentdevice", "pk": 5, "fields": {"created": "2024-08-05T16:40:12.460Z", "updated": "2024-08-05T16:40:12.460Z", "api_key": "pbkdf2_sha256$720000$lO1Ihdb54z6TzgU8DzBgZY$AMPBd5DHtnIcTCfpwznSI46chKWqxvciv9WkYXP2LoQ=", "name": "dev 21", "agent": 5}}, {"model": "agents.agentdevice", "pk": 6, "fields": {"created": "2024-08-05T17:05:28.609Z", "updated": "2024-08-05T17:05:28.609Z", "api_key": "pbkdf2_sha256$720000$vFdgvF5fjS1uBC1bz2Wr4t$MsRi8CM7yiQXCZ3dJoUuL1kqlNZY3dyHLg2t4VHFoKM=", "name": "dev 22", "agent": 6}}, {"model": "agents.agentdevice", "pk": 7, "fields": {"created": "2024-08-05T17:05:41.662Z", "updated": "2024-08-05T17:05:41.662Z", "api_key": "pbkdf2_sha256$720000$fkdL9cTNby8hMuBwzcJDN2$Jc35DMafDAGhScPIwsbxsaOP2e2kUp9pv9ctNLWUV0E=", "name": "dev 23", "agent": 7}}]